Time, Temp(C), Humidity(%)  
14:50:21.750, 27.00, 44.00
14:50:24.984, 27.00, 44.00
14:50:28.217, 27.00, 44.00
14:50:31.451, 27.00, 43.00
14:50:34.685, 27.00, 43.00
14:50:37.918, 27.00, 43.00
14:50:41.128, 27.00, 42.00
14:50:44.384, 27.00, 42.00
14:50:47.592, 27.00, 42.00
14:50:50.831, 27.00, 42.00
14:50:54.078, 27.00, 41.00
14:50:57.324, 27.00, 41.00
14:51:00.526, 27.00, 41.00
14:51:03.776, 27.00, 41.00
14:51:06.997, 27.00, 41.00
14:51:10.208, 27.00, 41.00
14:51:13.439, 27.00, 41.00
14:51:16.672, 27.00, 41.00
14:51:19.935, 27.00, 41.00
14:51:23.144, 27.00, 41.00
14:51:26.381, 27.00, 41.00
14:51:29.581, 27.00, 40.00
14:51:32.819, 27.00, 41.00
14:51:36.079, 27.00, 41.00
14:51:39.296, 27.00, 41.00
14:51:42.508, 27.00, 41.00
14:51:45.748, 27.00, 40.00
14:51:48.976, 27.00, 41.00
14:51:52.208, 27.00, 40.00
14:51:55.439, 27.00, 41.00
14:51:58.676, 27.00, 40.00
14:52:01.895, 27.00, 40.00
14:52:05.122, 27.00, 40.00
14:52:08.372, 27.00, 40.00
14:52:11.577, 27.00, 40.00
14:52:14.843, 27.00, 40.00
14:52:18.045, 27.00, 40.00
14:52:21.303, 27.00, 40.00
14:52:24.516, 27.00, 40.00
14:52:27.729, 27.00, 40.00
14:52:30.977, 27.00, 40.00
14:52:34.188, 27.00, 40.00
14:52:37.429, 27.00, 40.00
14:52:40.651, 27.00, 40.00
14:52:43.892, 27.00, 40.00
14:52:47.120, 27.00, 40.00
14:52:50.352, 27.00, 40.00
14:52:53.575, 27.00, 40.00
14:52:56.795, 27.00, 40.00
14:53:00.027, 27.00, 40.00
14:53:03.274, 27.00, 40.00
14:53:06.521, 27.00, 40.00
14:53:09.728, 27.00, 40.00
14:53:12.952, 27.00, 39.00
14:53:16.184, 27.00, 39.00
14:53:19.405, 27.00, 39.00
14:53:22.662, 27.00, 39.00
14:53:25.903, 27.00, 39.00
14:53:29.118, 27.00, 39.00
14:53:32.374, 27.00, 39.00
14:53:35.595, 27.00, 39.00
14:53:38.805, 27.00, 39.00
14:53:42.022, 27.00, 39.00
14:53:45.292, 27.00, 39.00
14:53:48.532, 27.00, 39.00
14:53:51.706, 27.00, 39.00
14:53:54.970, 27.00, 39.00
14:53:58.186, 27.00, 39.00
14:54:01.415, 27.00, 39.00
14:54:04.624, 27.00, 39.00
14:54:07.856, 27.00, 39.00
14:54:11.090, 27.00, 39.00
14:54:14.331, 27.00, 39.00
14:54:17.575, 27.00, 39.00
14:54:20.777, 27.00, 39.00
14:54:24.033, 27.00, 39.00
14:54:27.263, 27.00, 39.00
14:54:30.479, 27.00, 39.00
14:54:33.727, 27.00, 39.00
14:54:36.943, 27.00, 39.00
14:54:40.194, 27.00, 39.00
14:54:43.411, 27.00, 38.00
14:54:46.644, 27.00, 38.00
14:54:49.863, 27.00, 38.00
14:54:53.080, 27.00, 38.00
14:54:56.328, 27.00, 38.00
14:54:59.545, 27.00, 38.00
14:55:02.812, 27.00, 38.00
14:55:06.012, 27.00, 38.00
14:55:09.265, 27.00, 38.00
14:55:12.480, 27.00, 38.00
14:55:15.712, 27.00, 38.00
14:55:18.940, 27.00, 38.00
14:55:22.164, 27.00, 38.00
14:55:25.380, 27.00, 38.00
14:55:28.614, 27.00, 38.00
14:55:31.866, 27.00, 38.00
14:55:35.098, 27.00, 38.00
14:55:38.331, 27.00, 38.00
14:55:41.531, 27.00, 38.00
14:55:44.781, 27.00, 38.00
14:55:48.015, 27.00, 38.00
14:55:51.248, 27.00, 38.00
14:55:54.461, 27.00, 38.00
14:55:57.703, 27.00, 38.00
14:56:00.933, 27.00, 38.00
14:56:04.167, 27.00, 38.00
14:56:07.378, 27.00, 38.00
14:56:10.616, 27.00, 38.00
14:56:13.850, 27.00, 38.00
14:56:17.067, 27.00, 38.00
14:56:20.330, 27.00, 38.00
14:56:23.567, 27.00, 38.00
14:56:26.768, 27.00, 38.00
14:56:30.007, 27.00, 38.00
14:56:33.235, 27.00, 38.00
14:56:36.452, 27.00, 38.00
14:56:39.701, 27.00, 38.00
14:56:42.919, 27.00, 38.00
14:56:46.152, 27.00, 38.00
14:56:49.369, 26.00, 38.00
14:56:52.640, 26.00, 38.00
14:56:55.871, 26.00, 38.00
14:56:59.054, 26.00, 38.00
14:57:02.286, 26.00, 38.00
14:57:05.541, 26.00, 38.00
14:57:08.756, 26.00, 38.00
14:57:11.991, 26.00, 38.00
14:57:15.205, 26.00, 38.00
14:57:18.440, 26.00, 38.00
14:57:21.721, 26.00, 38.00
14:57:24.895, 26.00, 38.00
14:57:28.121, 26.00, 38.00
14:57:31.357, 26.00, 38.00
14:57:34.605, 26.00, 38.00
14:57:37.858, 26.00, 38.00
14:57:41.041, 26.00, 38.00
14:57:44.310, 26.00, 38.00
14:57:47.508, 26.00, 38.00
14:57:50.757, 26.00, 38.00
14:57:53.991, 26.00, 38.00
14:57:57.207, 26.00, 38.00
14:58:00.441, 26.00, 38.00
14:58:03.675, 26.00, 38.00
14:58:06.925, 26.00, 38.00
14:58:10.125, 26.00, 38.00
14:58:13.360, 26.00, 39.00
14:58:16.609, 26.00, 38.00
14:58:19.809, 26.00, 38.00
14:58:23.075, 26.00, 38.00
14:58:26.278, 26.00, 38.00
14:58:29.509, 26.00, 39.00
14:58:32.743, 26.00, 39.00
14:58:35.977, 26.00, 39.00
14:58:39.237, 26.00, 39.00
14:58:42.444, 26.00, 39.00
14:58:45.688, 26.00, 39.00
14:58:48.878, 26.00, 39.00
14:58:52.111, 26.00, 39.00
14:58:55.344, 26.00, 39.00
14:58:58.577, 26.00, 39.00
14:59:01.795, 26.00, 39.00
14:59:05.063, 26.00, 39.00
14:59:08.262, 25.00, 38.00
14:59:11.512, 25.00, 38.00
14:59:14.712, 25.00, 38.00
14:59:17.962, 25.00, 38.00
14:59:21.179, 25.00, 38.00
14:59:24.422, 25.00, 38.00
14:59:27.680, 25.00, 38.00
14:59:30.897, 25.00, 38.00
14:59:34.131, 25.00, 38.00
14:59:37.347, 25.00, 38.00
14:59:40.598, 25.00, 38.00
14:59:43.831, 25.00, 38.00
14:59:47.015, 25.00, 38.00
14:59:50.265, 25.00, 38.00
14:59:53.482, 25.00, 38.00
14:59:56.732, 25.00, 38.00
14:59:59.949, 25.00, 38.00
15:00:03.206, 25.00, 38.00
15:00:06.399, 25.00, 38.00
15:00:09.649, 25.00, 38.00
15:00:12.884, 25.00, 38.00
15:00:16.084, 25.00, 38.00
15:00:19.317, 25.00, 38.00
15:00:22.584, 25.00, 38.00
15:00:25.785, 25.00, 38.00
15:00:29.018, 25.00, 38.00
15:00:32.235, 25.00, 38.00
15:00:35.502, 25.00, 38.00
15:00:38.737, 25.00, 38.00
15:00:41.952, 25.00, 38.00
15:00:45.168, 25.00, 38.00
15:00:48.402, 25.00, 38.00
15:00:51.635, 25.00, 38.00
15:00:54.886, 25.00, 38.00
15:00:58.087, 25.00, 38.00
15:01:01.338, 25.00, 38.00
15:01:04.554, 25.00, 38.00
15:01:07.789, 25.00, 38.00
15:01:10.995, 25.00, 38.00
15:01:14.238, 25.00, 38.00
15:01:17.455, 25.00, 38.00
15:01:20.724, 25.00, 38.00
15:01:23.939, 25.00, 38.00
15:01:27.188, 25.00, 38.00
15:01:30.389, 25.00, 38.00
15:01:33.606, 25.00, 38.00
15:01:36.840, 25.00, 38.00
15:01:40.090, 25.00, 38.00
15:01:43.337, 25.00, 38.00
15:01:46.540, 25.00, 38.00
15:01:49.757, 25.00, 38.00
15:01:52.991, 25.00, 38.00
15:01:56.240, 25.00, 38.00
15:01:59.474, 25.00, 38.00
15:02:02.706, 25.00, 38.00
15:02:05.924, 25.00, 38.00
15:02:09.158, 25.00, 38.00
15:02:12.375, 25.00, 38.00
15:02:15.624, 25.00, 38.00
15:02:18.826, 25.00, 38.00
15:02:22.061, 25.00, 38.00
15:02:25.297, 25.00, 38.00
15:02:28.538, 25.00, 38.00
15:02:31.757, 25.00, 38.00
15:02:35.002, 25.00, 38.00
15:02:38.208, 25.00, 38.00
15:02:41.433, 25.00, 38.00
15:02:44.676, 25.00, 38.00
15:02:47.905, 25.00, 38.00
15:02:51.123, 25.00, 38.00
15:02:54.397, 25.00, 38.00
15:02:57.589, 25.00, 38.00
15:03:00.836, 25.00, 38.00
15:03:04.059, 25.00, 38.00
15:03:07.292, 25.00, 38.00
15:03:56.617, 25.00, 38.00
15:03:59.868, 25.00, 38.00
15:04:03.113, 25.00, 38.00
15:04:06.336, 25.00, 38.00
15:04:09.558, 25.00, 38.00
15:04:12.759, 25.00, 38.00
15:04:16.037, 25.00, 38.00
15:04:19.220, 25.00, 38.00
15:04:22.478, 25.00, 38.00
15:04:25.684, 25.00, 38.00
15:04:28.941, 24.00, 38.00
15:04:32.153, 25.00, 38.00
15:04:35.412, 24.00, 38.00
15:04:38.638, 25.00, 38.00
15:04:41.862, 25.00, 38.00
15:04:45.060, 25.00, 38.00
15:04:48.318, 24.00, 38.00
15:04:51.537, 24.00, 38.00
15:04:54.778, 24.00, 38.00
15:04:57.989, 24.00, 38.00
15:05:01.257, 24.00, 38.00
15:05:04.460, 24.00, 38.00
15:05:07.697, 24.00, 38.00
15:05:10.907, 24.00, 38.00
15:05:14.155, 24.00, 38.00
15:05:17.387, 24.00, 38.00
15:05:20.618, 24.00, 38.00
15:05:23.850, 24.00, 38.00
15:05:27.073, 24.00, 38.00
15:05:30.316, 24.00, 38.00
15:05:33.553, 24.00, 38.00
15:05:36.772, 24.00, 38.00
15:05:40.009, 24.00, 38.00
15:05:43.231, 24.00, 38.00
15:05:46.445, 24.00, 38.00
15:05:49.661, 24.00, 38.00
15:05:52.917, 24.00, 38.00
15:05:56.136, 24.00, 38.00
15:05:59.380, 24.00, 38.00
15:06:02.583, 24.00, 38.00
15:06:05.819, 24.00, 38.00
15:06:09.042, 24.00, 38.00
15:06:12.303, 24.00, 38.00
15:06:15.501, 24.00, 38.00
15:06:18.735, 24.00, 38.00
15:06:21.961, 24.00, 38.00
15:06:25.218, 24.00, 38.00
15:06:28.469, 24.00, 38.00
15:06:31.676, 24.00, 38.00
15:06:34.882, 24.00, 38.00
15:06:38.136, 24.00, 38.00
15:06:41.354, 24.00, 38.00
15:06:44.586, 24.00, 38.00
15:06:47.828, 24.00, 38.00
15:06:51.051, 24.00, 38.00
15:06:54.264, 24.00, 38.00
15:06:57.488, 24.00, 38.00
15:07:00.750, 24.00, 38.00
15:07:03.967, 24.00, 38.00
15:07:07.211, 24.00, 38.00
15:07:10.430, 24.00, 38.00
15:07:13.659, 24.00, 38.00
15:07:16.896, 24.00, 38.00
15:07:20.148, 24.00, 38.00
15:07:23.371, 24.00, 38.00
15:07:26.605, 24.00, 38.00
15:07:29.822, 24.00, 38.00
15:07:33.032, 24.00, 38.00
15:07:36.293, 24.00, 38.00
15:07:39.519, 24.00, 38.00
15:07:42.744, 24.00, 38.00
15:07:45.970, 24.00, 38.00
15:07:49.198, 24.00, 38.00
15:07:52.409, 24.00, 38.00
15:07:55.661, 24.00, 38.00
15:07:58.864, 24.00, 38.00
15:08:02.087, 24.00, 38.00
15:08:05.338, 24.00, 38.00
15:08:08.579, 24.00, 38.00
15:08:11.806, 24.00, 38.00
15:08:15.030, 24.00, 38.00
15:08:18.259, 24.00, 38.00
15:08:21.470, 24.00, 38.00
15:08:24.714, 24.00, 38.00
15:08:27.953, 24.00, 38.00
15:08:31.172, 24.00, 38.00
15:08:34.424, 24.00, 38.00
15:08:37.635, 24.00, 38.00
15:08:40.884, 24.00, 38.00
15:08:44.090, 24.00, 38.00
15:08:47.333, 24.00, 38.00
15:08:50.557, 24.00, 38.00
15:08:53.789, 24.00, 38.00
15:08:57.025, 24.00, 38.00
15:09:00.263, 24.00, 38.00
15:09:03.470, 24.00, 38.00
15:09:06.694, 24.00, 38.00
15:09:09.920, 24.00, 38.00
15:09:13.159, 24.00, 38.00
15:09:16.422, 24.00, 38.00
15:09:19.646, 24.00, 40.00
15:09:22.858, 24.00, 39.00
15:09:26.103, 24.00, 39.00
15:09:29.299, 24.00, 39.00
15:09:32.565, 24.00, 38.00
15:09:35.794, 24.00, 38.00
15:09:39.023, 24.00, 38.00
15:09:42.244, 24.00, 38.00
15:09:45.453, 24.00, 38.00
15:09:48.719, 24.00, 38.00
15:09:51.933, 24.00, 38.00
15:09:55.148, 24.00, 38.00
15:09:58.374, 24.00, 38.00
15:10:01.640, 24.00, 38.00
15:10:04.868, 24.00, 38.00
15:10:08.093, 24.00, 38.00
15:10:11.314, 24.00, 38.00
15:10:14.543, 24.00, 38.00
15:10:17.770, 24.00, 38.00
15:10:20.991, 24.00, 38.00
15:10:24.216, 24.00, 38.00
15:10:27.439, 24.00, 38.00
15:10:30.713, 24.00, 38.00
15:10:33.932, 24.00, 38.00
15:10:37.157, 24.00, 38.00
15:10:40.377, 24.00, 38.00
15:10:43.596, 24.00, 38.00
15:10:46.826, 24.00, 38.00
15:10:50.054, 24.00, 38.00
15:10:53.277, 24.00, 38.00
15:10:56.548, 24.00, 38.00
15:10:59.772, 24.00, 38.00
15:11:03.011, 24.00, 38.00
15:11:06.195, 24.00, 38.00
15:11:09.433, 24.00, 38.00
15:11:12.669, 24.00, 38.00
15:11:15.920, 24.00, 38.00
15:11:19.124, 24.00, 38.00
15:11:22.356, 24.00, 38.00
15:11:25.594, 24.00, 38.00
15:11:28.825, 24.00, 38.00
15:11:32.060, 24.00, 38.00
15:11:35.297, 24.00, 38.00
15:11:38.495, 24.00, 38.00
15:11:41.733, 24.00, 38.00
15:11:44.982, 24.00, 38.00
15:11:48.223, 24.00, 38.00
15:11:51.418, 24.00, 38.00
15:11:54.645, 24.00, 38.00
15:11:57.873, 24.00, 38.00
15:12:01.110, 24.00, 38.00
15:12:04.332, 24.00, 38.00
15:12:07.600, 24.00, 38.00
15:12:10.825, 24.00, 38.00
15:12:14.049, 24.00, 38.00
15:12:17.271, 24.00, 38.00
15:12:20.486, 24.00, 38.00
15:12:23.757, 24.00, 38.00
15:12:26.941, 24.00, 38.00
15:12:30.212, 24.00, 38.00
15:12:33.431, 24.00, 38.00
15:12:36.651, 24.00, 38.00
15:12:39.875, 24.00, 38.00
15:12:43.106, 24.00, 38.00
15:12:46.323, 24.00, 38.00
15:12:49.594, 24.00, 38.00
15:12:52.820, 24.00, 38.00
15:12:56.048, 24.00, 38.00
15:12:59.274, 24.00, 38.00
15:13:02.496, 24.00, 38.00
15:13:05.727, 24.00, 38.00
15:13:08.953, 24.00, 38.00
15:13:12.178, 24.00, 38.00
15:13:15.402, 24.00, 38.00
15:13:18.631, 24.00, 38.00
15:13:21.857, 24.00, 38.00
15:13:25.123, 24.00, 38.00
15:13:28.344, 24.00, 38.00
15:13:31.569, 24.00, 38.00
15:13:34.798, 24.00, 38.00
15:13:38.020, 24.00, 38.00
15:13:41.244, 24.00, 38.00
15:13:44.468, 24.00, 38.00
15:13:47.693, 24.00, 38.00
15:13:50.961, 24.00, 38.00
15:13:54.189, 24.00, 38.00
15:13:57.409, 24.00, 38.00
15:14:00.627, 24.00, 38.00
15:14:03.863, 24.00, 38.00
15:14:07.108, 24.00, 38.00
15:14:10.303, 24.00, 38.00
15:14:13.554, 24.00, 38.00
15:14:16.781, 24.00, 38.00
15:14:20.001, 24.00, 38.00
15:14:23.225, 23.00, 38.00
15:14:26.494, 23.00, 38.00
15:14:29.715, 23.00, 38.00
15:14:32.940, 23.00, 38.00
15:14:36.168, 23.00, 38.00
15:14:39.391, 23.00, 38.00
15:14:42.626, 23.00, 38.00
15:14:45.852, 23.00, 38.00
15:14:49.074, 23.00, 38.00
15:14:52.300, 23.00, 38.00
15:14:55.528, 23.00, 38.00
15:14:58.760, 23.00, 38.00
15:15:02.028, 23.00, 38.00
15:15:05.257, 23.00, 38.00
15:15:08.481, 23.00, 38.00
15:15:11.707, 23.00, 38.00
15:15:14.922, 23.00, 38.00
15:15:18.160, 23.00, 38.00
15:15:21.373, 23.00, 38.00
15:15:24.600, 23.00, 38.00
15:15:27.830, 23.00, 38.00
15:15:31.058, 23.00, 38.00
15:15:34.324, 23.00, 38.00
15:15:37.552, 23.00, 38.00
15:15:40.780, 23.00, 38.00
15:15:44.008, 23.00, 38.00
15:15:47.248, 23.00, 38.00
15:15:50.465, 23.00, 38.00
15:15:53.683, 23.00, 38.00
15:15:56.908, 23.00, 38.00
15:16:00.126, 23.00, 38.00
15:16:03.398, 23.00, 38.00
15:16:06.621, 23.00, 38.00
15:16:09.841, 23.00, 38.00
15:16:13.074, 23.00, 38.00
15:16:16.303, 23.00, 38.00
15:16:19.531, 23.00, 38.00
15:16:22.759, 23.00, 38.00
15:16:25.985, 23.00, 38.00
15:16:29.212, 23.00, 38.00
15:16:32.433, 23.00, 38.00
15:16:35.668, 23.00, 38.00
15:16:38.895, 23.00, 38.00
15:16:42.155, 23.00, 38.00
15:16:45.377, 23.00, 38.00
15:16:48.604, 23.00, 38.00
15:16:51.832, 23.00, 38.00
15:16:55.059, 23.00, 38.00
15:16:58.284, 23.00, 38.00
15:17:01.511, 23.00, 38.00
15:17:04.736, 23.00, 38.00
15:17:07.962, 23.00, 38.00
15:17:11.189, 23.00, 38.00
15:17:14.414, 23.00, 38.00
15:17:17.685, 23.00, 38.00
15:17:20.905, 23.00, 38.00
15:17:24.129, 23.00, 38.00
15:17:27.354, 23.00, 38.00
15:17:30.579, 23.00, 38.00
15:17:33.803, 23.00, 38.00
15:17:37.029, 23.00, 38.00
15:17:40.295, 23.00, 38.00
15:17:43.515, 23.00, 38.00
15:17:46.743, 23.00, 38.00
15:17:49.968, 23.00, 38.00
15:17:53.188, 23.00, 38.00
15:17:56.423, 23.00, 38.00
15:17:59.649, 23.00, 38.00
15:18:02.879, 23.00, 38.00
15:18:06.103, 23.00, 38.00
15:18:09.326, 23.00, 38.00
15:18:12.552, 23.00, 38.00
15:18:15.819, 23.00, 38.00
15:18:19.042, 23.00, 38.00
15:18:22.263, 23.00, 38.00
15:18:25.482, 23.00, 38.00
15:18:28.707, 23.00, 38.00
15:18:31.935, 23.00, 38.00
15:18:35.206, 23.00, 38.00
15:18:38.431, 23.00, 38.00
15:18:41.654, 23.00, 38.00
15:18:44.878, 23.00, 38.00
15:18:48.097, 23.00, 38.00
15:18:51.324, 23.00, 38.00
15:18:54.548, 23.00, 38.00
15:18:57.807, 23.00, 38.00
15:19:01.025, 23.00, 38.00
15:19:04.246, 23.00, 38.00
15:19:07.469, 23.00, 38.00
15:19:10.733, 23.00, 38.00
15:19:13.964, 23.00, 38.00
15:19:17.189, 23.00, 38.00
15:19:20.408, 23.00, 38.00
15:19:23.636, 23.00, 38.00
15:19:26.857, 23.00, 38.00
15:19:30.090, 23.00, 38.00
15:19:33.322, 23.00, 38.00
15:19:36.541, 23.00, 38.00
15:19:39.768, 23.00, 38.00
15:19:43.042, 23.00, 38.00
15:19:46.270, 23.00, 38.00
15:19:49.502, 23.00, 38.00
15:19:52.726, 23.00, 38.00
15:19:55.951, 23.00, 38.00
15:19:59.175, 23.00, 38.00
15:20:02.409, 23.00, 38.00
15:20:05.629, 23.00, 38.00
15:20:08.850, 23.00, 38.00
15:20:12.078, 23.00, 38.00
15:20:15.334, 23.00, 38.00
15:20:18.557, 23.00, 38.00
15:20:21.782, 23.00, 38.00
15:20:25.002, 23.00, 38.00
15:20:28.228, 23.00, 38.00
15:20:31.455, 23.00, 38.00
15:20:34.673, 23.00, 38.00
15:20:37.944, 23.00, 38.00
15:20:41.168, 23.00, 38.00
15:20:44.394, 23.00, 38.00
15:20:47.624, 23.00, 38.00
15:20:50.852, 23.00, 38.00
15:20:54.078, 23.00, 38.00
15:20:57.307, 23.00, 38.00
15:21:00.536, 23.00, 38.00
15:21:03.758, 23.00, 38.00
15:21:06.985, 23.00, 38.00
15:21:10.215, 23.00, 38.00
15:21:13.481, 23.00, 38.00
15:21:16.708, 23.00, 38.00
15:21:19.931, 23.00, 38.00
15:21:23.151, 23.00, 38.00
15:21:26.382, 23.00, 38.00
15:21:29.605, 23.00, 38.00
15:21:32.827, 23.00, 38.00
15:21:36.047, 23.00, 38.00
15:21:39.274, 23.00, 38.00
15:21:42.551, 23.00, 38.00
15:21:45.777, 23.00, 38.00
15:21:49.003, 23.00, 38.00
15:21:52.226, 23.00, 38.00
15:21:55.452, 23.00, 38.00
15:21:58.689, 23.00, 38.00
15:22:01.919, 23.00, 38.00
15:22:05.146, 23.00, 38.00
15:22:08.376, 23.00, 38.00
15:22:11.604, 23.00, 38.00
15:22:14.836, 23.00, 38.00
15:22:18.056, 23.00, 38.00
15:22:21.281, 23.00, 38.00
15:22:24.509, 23.00, 38.00
15:22:27.741, 23.00, 38.00
15:22:30.967, 23.00, 38.00
15:22:34.196, 23.00, 38.00
15:22:37.437, 23.00, 38.00
15:22:40.660, 23.00, 38.00
15:22:43.887, 23.00, 38.00
15:22:47.111, 23.00, 38.00
15:22:50.342, 23.00, 38.00
15:22:53.567, 23.00, 38.00
15:22:56.798, 23.00, 38.00
15:23:00.023, 23.00, 38.00
15:23:03.293, 23.00, 38.00
15:23:06.522, 23.00, 38.00
15:23:09.755, 23.00, 38.00
15:23:12.985, 23.00, 38.00
15:23:16.202, 23.00, 38.00
15:23:19.426, 23.00, 38.00
15:23:22.648, 23.00, 38.00
15:23:25.872, 23.00, 38.00
15:23:29.096, 23.00, 38.00
15:23:32.329, 23.00, 38.00
15:23:35.557, 23.00, 38.00
15:23:38.826, 23.00, 38.00
15:23:42.046, 23.00, 38.00
15:23:45.275, 23.00, 38.00
15:23:48.495, 23.00, 38.00
15:23:51.718, 23.00, 38.00
15:23:54.944, 23.00, 38.00
15:23:58.170, 23.00, 38.00
15:24:01.440, 23.00, 38.00
15:24:04.670, 23.00, 38.00
15:24:07.898, 23.00, 38.00
15:24:11.121, 23.00, 38.00
15:24:14.351, 23.00, 38.00
15:24:17.579, 23.00, 38.00
15:24:20.804, 23.00, 38.00
15:24:24.033, 23.00, 38.00
15:24:27.255, 23.00, 38.00
15:24:30.472, 23.00, 38.00
15:24:33.742, 23.00, 38.00
15:24:36.925, 23.00, 38.00
15:24:40.191, 23.00, 38.00
15:24:43.419, 23.00, 38.00
15:24:46.641, 23.00, 38.00
15:24:49.865, 23.00, 38.00
15:24:53.097, 23.00, 38.00
15:24:56.318, 23.00, 38.00
15:24:59.550, 23.00, 38.00
15:25:02.775, 23.00, 38.00
15:25:06.042, 23.00, 38.00
15:25:09.264, 23.00, 38.00
15:25:12.492, 23.00, 38.00
15:25:15.724, 23.00, 38.00
15:25:18.920, 23.00, 38.00
15:25:22.191, 23.00, 38.00
15:25:25.411, 23.00, 38.00
15:25:28.642, 23.00, 38.00
15:25:31.870, 23.00, 38.00
15:25:35.089, 23.00, 38.00
15:25:38.314, 23.00, 38.00
15:25:41.538, 23.00, 38.00
15:25:44.763, 23.00, 38.00
15:25:48.000, 23.00, 38.00
15:25:51.225, 23.00, 38.00
15:25:54.455, 23.00, 38.00
15:25:57.684, 23.00, 38.00
15:26:00.910, 23.00, 38.00
15:26:04.138, 23.00, 38.00
15:26:07.410, 23.00, 38.00
15:26:10.636, 23.00, 38.00
15:26:13.862, 23.00, 38.00
15:26:17.092, 23.00, 38.00
15:26:20.329, 22.00, 38.00
15:26:23.557, 23.00, 38.00
15:26:26.790, 22.00, 38.00
15:26:30.022, 23.00, 38.00
15:26:33.252, 23.00, 38.00
15:26:36.475, 22.00, 38.00
15:26:39.706, 23.00, 38.00
15:26:42.934, 23.00, 38.00
15:26:46.164, 23.00, 38.00
15:26:49.391, 22.00, 38.00
15:26:52.619, 22.00, 38.00
15:26:55.845, 23.00, 38.00
15:26:59.072, 22.00, 38.00
15:27:02.309, 22.00, 38.00
15:27:05.536, 23.00, 38.00
15:27:08.766, 23.00, 38.00
15:27:11.987, 23.00, 38.00
15:27:15.213, 23.00, 38.00
15:27:18.439, 23.00, 38.00
15:27:21.667, 22.00, 38.00
15:27:24.891, 22.00, 38.00
15:27:28.119, 22.00, 38.00
15:27:31.392, 22.00, 38.00
15:27:34.620, 22.00, 38.00
15:27:37.853, 22.00, 38.00
15:27:41.082, 22.00, 38.00
15:27:44.269, 22.00, 38.00
15:27:47.500, 22.00, 38.00
15:27:50.744, 22.00, 38.00
15:27:53.959, 22.00, 38.00
15:27:57.228, 22.00, 38.00
15:28:00.450, 22.00, 38.00
15:28:03.673, 22.00, 38.00
15:28:06.894, 22.00, 38.00
15:28:10.120, 22.00, 38.00
15:28:13.350, 22.00, 38.00
15:28:16.581, 22.00, 38.00
15:28:19.804, 22.00, 38.00
15:28:23.073, 22.00, 38.00
15:28:26.291, 22.00, 38.00
15:28:29.510, 22.00, 38.00
15:28:32.739, 22.00, 38.00
15:28:35.958, 22.00, 38.00
15:28:39.187, 22.00, 38.00
15:28:42.454, 22.00, 38.00
15:28:45.678, 22.00, 38.00
15:28:48.904, 22.00, 38.00
15:28:52.131, 22.00, 38.00
15:28:55.351, 22.00, 38.00
15:28:58.557, 22.00, 38.00
15:29:01.829, 22.00, 38.00
15:29:05.053, 22.00, 38.00
15:29:08.276, 22.00, 38.00
15:29:11.510, 22.00, 38.00
15:29:14.736, 22.00, 38.00
15:29:17.965, 22.00, 38.00
15:29:21.182, 22.00, 38.00
15:29:24.410, 22.00, 38.00
15:29:27.638, 22.00, 38.00
15:29:30.868, 22.00, 38.00
15:29:34.099, 22.00, 38.00
15:29:37.326, 22.00, 38.00
15:29:40.551, 22.00, 38.00
15:29:43.777, 22.00, 38.00
15:29:47.048, 22.00, 38.00
15:29:50.273, 22.00, 38.00
15:29:53.501, 22.00, 38.00
15:29:56.722, 22.00, 38.00
15:29:59.943, 22.00, 38.00
15:30:03.168, 22.00, 38.00
15:30:06.394, 22.00, 38.00
15:30:09.628, 22.00, 38.00
15:30:12.860, 22.00, 38.00
15:30:16.085, 22.00, 38.00
15:30:19.309, 22.00, 38.00
15:30:22.559, 22.00, 38.00
15:30:25.789, 22.00, 38.00
15:30:29.016, 22.00, 38.00
15:30:32.247, 22.00, 38.00
15:30:35.472, 22.00, 38.00
15:30:38.699, 22.00, 38.00
15:30:41.921, 22.00, 38.00
15:30:45.147, 22.00, 38.00
15:30:48.421, 22.00, 38.00
15:30:51.646, 22.00, 38.00
15:30:54.869, 22.00, 38.00
15:30:58.102, 22.00, 38.00
15:31:01.331, 22.00, 38.00
15:31:04.555, 22.00, 38.00
15:31:07.784, 22.00, 38.00
15:31:11.013, 22.00, 38.00
15:31:14.233, 22.00, 38.00
15:31:17.462, 22.00, 38.00
15:31:20.689, 22.00, 38.00
15:31:23.921, 22.00, 38.00
15:31:27.152, 22.00, 38.00
15:31:30.376, 22.00, 38.00
15:31:33.606, 22.00, 38.00
15:31:36.866, 22.00, 38.00
15:31:40.090, 22.00, 38.00
15:31:43.315, 22.00, 38.00
15:31:46.549, 22.00, 38.00
15:31:49.781, 22.00, 38.00
15:31:53.009, 22.00, 38.00
15:31:56.234, 22.00, 38.00
15:31:59.460, 22.00, 38.00
15:32:02.687, 22.00, 38.00
15:32:05.911, 22.00, 38.00
15:32:09.133, 22.00, 38.00
15:32:12.360, 22.00, 38.00
15:32:15.584, 22.00, 38.00
15:32:18.857, 22.00, 38.00
15:32:22.078, 22.00, 38.00
15:32:25.303, 22.00, 38.00
15:32:28.533, 22.00, 38.00
15:32:31.761, 22.00, 38.00
15:32:34.984, 22.00, 38.00
15:32:38.204, 22.00, 38.00
15:32:41.427, 22.00, 38.00
15:32:44.695, 22.00, 38.00
15:32:47.916, 22.00, 38.00
15:32:51.142, 22.00, 38.00
15:32:54.384, 22.00, 38.00
15:32:57.608, 22.00, 38.00
15:33:00.833, 22.00, 38.00
15:33:04.062, 22.00, 38.00
15:33:07.286, 22.00, 38.00
15:33:10.518, 22.00, 38.00
15:33:13.745, 22.00, 38.00
15:33:16.967, 22.00, 38.00
15:33:20.194, 22.00, 38.00
15:33:23.419, 22.00, 38.00
15:33:26.649, 22.00, 38.00
15:33:29.879, 22.00, 38.00
15:33:33.147, 22.00, 38.00
15:33:36.374, 22.00, 38.00
15:33:39.602, 22.00, 38.00
15:33:42.830, 22.00, 38.00
15:33:46.055, 22.00, 38.00
15:33:49.285, 22.00, 38.00
15:33:52.513, 22.00, 38.00
15:33:55.744, 22.00, 38.00
15:33:58.972, 22.00, 38.00
15:34:02.195, 22.00, 38.00
15:34:05.421, 22.00, 38.00
15:34:08.647, 22.00, 38.00
15:34:11.873, 22.00, 38.00
15:34:15.102, 22.00, 38.00
15:34:18.335, 22.00, 38.00
15:34:21.564, 22.00, 38.00
15:34:24.797, 22.00, 38.00
15:34:28.020, 22.00, 38.00
15:34:31.247, 22.00, 38.00
15:34:34.478, 22.00, 38.00
15:34:37.704, 22.00, 38.00
15:34:40.966, 22.00, 38.00
15:34:44.195, 22.00, 38.00
15:34:47.425, 22.00, 38.00
15:34:50.650, 22.00, 38.00
15:34:53.874, 22.00, 38.00
15:34:57.099, 22.00, 38.00
15:35:00.329, 22.00, 38.00
15:35:03.562, 22.00, 38.00
15:35:06.793, 22.00, 38.00
15:35:10.022, 22.00, 38.00
15:35:13.246, 22.00, 38.00
15:35:16.470, 22.00, 38.00
15:35:19.695, 22.00, 38.00
15:35:22.966, 22.00, 38.00
15:35:26.192, 22.00, 38.00
15:35:29.423, 22.00, 38.00
15:35:32.652, 22.00, 38.00
15:35:35.878, 22.00, 38.00
15:35:39.103, 22.00, 38.00
15:35:42.329, 22.00, 38.00
15:35:45.556, 22.00, 38.00
15:35:48.780, 22.00, 38.00
15:35:52.015, 22.00, 38.00
15:35:55.245, 22.00, 38.00
15:35:58.473, 22.00, 38.00
15:36:01.696, 22.00, 38.00
15:36:04.935, 22.00, 38.00
15:36:08.162, 22.00, 38.00
15:36:11.389, 22.00, 38.00
15:36:14.619, 22.00, 38.00
15:36:17.844, 22.00, 38.00
15:36:21.079, 22.00, 38.00
15:36:24.302, 22.00, 38.00
15:36:27.523, 22.00, 38.00
15:36:30.795, 22.00, 38.00
15:36:34.020, 22.00, 38.00
15:36:37.245, 22.00, 38.00
15:36:40.470, 22.00, 38.00
15:36:43.694, 22.00, 38.00
15:36:46.914, 22.00, 38.00
15:36:50.136, 22.00, 38.00
15:36:53.365, 22.00, 38.00
15:36:56.594, 22.00, 38.00
15:36:59.824, 22.00, 38.00
15:37:03.048, 22.00, 38.00
15:37:06.318, 22.00, 38.00
15:37:09.536, 22.00, 38.00
15:37:12.761, 22.00, 38.00
15:37:15.984, 22.00, 38.00
15:37:19.216, 22.00, 38.00
15:37:22.434, 22.00, 38.00
15:37:25.662, 22.00, 38.00
15:37:28.934, 22.00, 38.00
15:37:32.154, 22.00, 38.00
15:37:35.382, 22.00, 38.00
15:37:38.604, 22.00, 38.00
15:37:41.827, 22.00, 38.00
15:37:45.055, 22.00, 38.00
15:37:48.277, 22.00, 38.00
15:37:51.506, 22.00, 38.00
15:37:54.736, 22.00, 38.00
15:37:57.962, 22.00, 38.00
15:38:01.230, 22.00, 38.00
15:38:04.455, 22.00, 38.00
15:38:07.688, 22.00, 38.00
15:38:10.919, 22.00, 38.00
15:38:14.107, 22.00, 38.00
15:38:17.376, 22.00, 38.00
15:38:20.596, 22.00, 38.00
15:38:23.828, 22.00, 38.00
15:38:27.056, 22.00, 38.00
15:38:30.284, 22.00, 38.00
15:38:33.504, 22.00, 38.00
15:38:36.727, 22.00, 38.00
15:38:39.952, 22.00, 38.00
15:38:43.179, 22.00, 38.00
15:38:46.442, 22.00, 38.00
15:38:49.672, 22.00, 38.00
15:38:52.900, 22.00, 38.00
15:38:56.122, 22.00, 38.00
15:38:59.336, 22.00, 38.00
15:39:02.598, 22.00, 38.00
15:39:05.820, 22.00, 38.00
15:39:09.044, 22.00, 38.00
15:39:12.263, 22.00, 38.00
15:39:15.490, 22.00, 38.00
15:39:18.721, 22.00, 38.00
15:39:21.952, 22.00, 38.00
15:39:25.184, 22.00, 38.00
15:39:28.416, 22.00, 38.00
15:39:31.644, 22.00, 38.00
15:39:34.871, 22.00, 38.00
15:39:38.091, 22.00, 38.00
15:39:41.358, 22.00, 38.00
15:39:44.574, 22.00, 38.00
15:39:47.796, 22.00, 38.00
15:39:51.024, 22.00, 38.00
15:39:54.251, 22.00, 38.00
15:39:57.474, 22.00, 38.00
15:40:00.696, 22.00, 38.00
15:40:03.967, 22.00, 38.00
15:40:07.151, 22.00, 38.00
15:40:10.424, 22.00, 38.00
15:40:13.649, 22.00, 38.00
15:40:16.883, 22.00, 38.00
15:40:20.106, 22.00, 38.00
15:40:23.332, 22.00, 38.00
15:40:26.556, 22.00, 38.00
15:40:29.781, 22.00, 38.00
15:40:33.001, 22.00, 38.00
15:40:36.234, 22.00, 38.00
15:40:39.459, 22.00, 38.00
15:40:42.681, 22.00, 38.00
15:40:45.925, 22.00, 38.00
15:40:49.156, 22.00, 38.00
15:40:52.385, 22.00, 38.00
15:40:55.609, 22.00, 38.00
15:40:58.843, 22.00, 38.00
15:41:02.072, 22.00, 38.00
15:41:05.299, 22.00, 38.00
15:41:08.523, 22.00, 38.00
15:41:11.788, 22.00, 38.00
15:41:15.013, 22.00, 38.00
15:41:18.237, 22.00, 38.00
15:41:21.451, 22.00, 38.00
15:41:24.714, 22.00, 38.00
15:41:27.901, 22.00, 38.00
15:41:31.169, 22.00, 38.00
15:41:34.398, 22.00, 38.00
15:41:37.624, 22.00, 38.00
15:41:40.852, 22.00, 38.00
15:41:44.076, 22.00, 38.00
15:41:47.300, 22.00, 38.00
15:41:50.528, 22.00, 38.00
15:41:53.754, 22.00, 38.00
15:41:56.976, 22.00, 38.00
15:42:00.243, 22.00, 38.00
15:42:03.431, 22.00, 38.00
15:42:06.703, 22.00, 38.00
15:42:09.932, 22.00, 38.00
15:42:13.154, 22.00, 38.00
15:42:16.386, 22.00, 38.00
15:42:19.612, 22.00, 38.00
15:42:22.839, 22.00, 38.00
15:42:26.068, 22.00, 38.00
15:42:29.295, 22.00, 38.00
15:42:32.522, 22.00, 38.00
15:42:35.743, 22.00, 38.00
15:42:38.970, 22.00, 38.00
15:42:42.197, 22.00, 38.00
15:42:45.461, 22.00, 38.00
15:42:48.688, 22.00, 38.00
15:42:51.914, 22.00, 38.00
15:42:55.140, 22.00, 38.00
15:42:58.376, 22.00, 38.00
15:43:01.604, 22.00, 38.00
15:43:04.833, 22.00, 38.00
15:43:08.062, 22.00, 38.00
15:43:11.290, 22.00, 38.00
15:43:14.520, 22.00, 38.00
15:43:17.744, 22.00, 38.00
15:43:20.968, 22.00, 38.00
15:43:24.193, 22.00, 38.00
15:43:27.424, 22.00, 38.00
15:43:30.651, 22.00, 38.00
15:43:33.876, 22.00, 38.00
15:43:37.104, 22.00, 38.00
15:43:40.371, 22.00, 38.00
15:43:43.593, 22.00, 38.00
15:43:46.817, 22.00, 38.00
15:43:50.042, 22.00, 38.00
15:43:53.265, 22.00, 38.00
15:43:56.496, 22.00, 38.00
15:43:59.716, 22.00, 38.00
15:44:02.981, 22.00, 38.00
15:44:06.207, 22.00, 38.00
15:44:09.429, 22.00, 38.00
15:44:12.658, 22.00, 38.00
15:44:15.886, 22.00, 38.00
15:44:19.112, 22.00, 38.00
15:44:22.336, 22.00, 38.00
15:44:25.569, 22.00, 38.00
15:44:28.787, 22.00, 38.00
15:44:32.015, 22.00, 38.00
15:44:35.244, 22.00, 38.00
15:44:38.518, 22.00, 38.00
15:44:41.736, 22.00, 38.00
15:44:44.956, 22.00, 38.00
15:44:48.179, 22.00, 38.00
15:44:51.403, 22.00, 38.00
15:44:54.669, 22.00, 38.00
15:44:57.895, 22.00, 38.00
15:45:01.126, 22.00, 38.00
15:45:04.357, 22.00, 38.00
15:45:07.579, 22.00, 38.00
15:45:10.804, 22.00, 38.00
15:45:14.027, 22.00, 38.00
15:45:17.252, 22.00, 38.00
15:45:20.475, 22.00, 38.00
15:45:23.692, 22.00, 38.00
15:45:26.969, 22.00, 38.00
15:45:30.193, 22.00, 38.00
15:45:33.425, 22.00, 38.00
15:45:36.646, 22.00, 38.00
15:45:39.874, 22.00, 38.00
15:45:43.102, 22.00, 38.00
15:45:46.325, 22.00, 38.00
15:45:49.555, 22.00, 38.00
15:45:52.778, 22.00, 38.00
15:45:56.008, 22.00, 38.00
15:45:59.233, 22.00, 38.00
15:46:02.497, 22.00, 38.00
15:46:05.717, 22.00, 38.00
15:46:08.948, 22.00, 38.00
15:46:12.175, 22.00, 38.00
15:46:15.399, 22.00, 38.00
15:46:18.621, 22.00, 38.00
15:46:21.851, 22.00, 38.00
15:46:25.079, 22.00, 38.00
15:46:28.308, 22.00, 38.00
15:46:31.536, 22.00, 38.00
15:46:34.761, 22.00, 38.00
15:46:37.989, 22.00, 38.00
15:46:41.255, 22.00, 38.00
15:46:44.476, 22.00, 38.00
15:46:47.709, 22.00, 38.00
15:46:50.933, 22.00, 38.00
15:46:54.157, 22.00, 38.00
15:46:57.383, 22.00, 38.00
15:47:00.609, 22.00, 38.00
15:47:03.835, 22.00, 38.00
15:47:07.064, 22.00, 38.00
15:47:10.291, 22.00, 38.00
15:47:13.517, 22.00, 38.00
15:47:16.742, 22.00, 38.00
15:47:20.012, 22.00, 38.00
15:47:23.239, 22.00, 38.00
15:47:26.460, 22.00, 38.00
15:47:29.684, 22.00, 38.00
15:47:32.910, 22.00, 38.00
15:47:36.138, 22.00, 38.00
15:47:39.365, 22.00, 38.00
15:47:42.595, 22.00, 38.00
15:47:45.819, 22.00, 38.00
15:47:49.090, 22.00, 38.00
15:47:52.315, 22.00, 38.00
15:47:55.504, 22.00, 38.00
15:47:58.733, 22.00, 38.00
15:48:02.001, 22.00, 38.00
15:48:05.224, 22.00, 38.00
15:48:08.446, 22.00, 38.00
15:48:11.666, 22.00, 38.00
15:48:14.908, 22.00, 38.00
15:48:18.134, 22.00, 38.00
15:48:21.352, 22.00, 38.00
15:48:24.579, 22.00, 38.00
15:48:27.803, 22.00, 38.00
15:48:31.074, 22.00, 38.00
15:48:34.299, 22.00, 38.00
15:48:37.524, 22.00, 38.00
15:48:40.742, 22.00, 38.00
15:48:43.971, 22.00, 38.00
15:48:47.195, 22.00, 38.00
15:48:50.422, 22.00, 38.00
15:48:53.650, 22.00, 38.00
15:48:56.900, 22.00, 38.00
15:49:00.122, 22.00, 38.00
15:49:03.345, 22.00, 38.00
15:49:06.572, 22.00, 38.00
15:49:09.799, 22.00, 38.00
15:49:13.065, 22.00, 38.00
15:49:16.291, 22.00, 38.00
15:49:19.514, 22.00, 38.00
15:49:22.733, 22.00, 38.00
15:49:25.957, 22.00, 38.00
15:49:29.180, 22.00, 38.00
15:49:32.409, 22.00, 38.00
15:49:35.633, 22.00, 38.00
15:49:38.863, 22.00, 38.00
15:49:42.093, 22.00, 38.00
15:49:45.364, 22.00, 38.00
15:49:48.588, 22.00, 38.00
15:49:51.810, 22.00, 38.00
15:49:55.038, 22.00, 38.00
15:49:58.262, 22.00, 38.00
15:50:01.476, 22.00, 38.00
15:50:04.700, 21.00, 37.00
15:50:07.929, 22.00, 38.00
15:50:11.194, 22.00, 38.00
15:50:14.412, 22.00, 38.00
15:50:17.633, 22.00, 38.00
15:50:20.852, 22.00, 38.00
15:50:24.124, 22.00, 38.00
15:50:27.350, 22.00, 38.00
15:50:30.576, 22.00, 38.00
15:50:33.805, 22.00, 38.00
15:50:37.028, 22.00, 38.00
15:50:40.256, 22.00, 38.00
15:50:43.478, 22.00, 38.00
15:50:46.700, 22.00, 38.00
15:50:49.923, 22.00, 38.00
15:50:53.151, 22.00, 38.00
15:50:56.381, 21.00, 37.00
15:50:59.613, 22.00, 38.00
15:51:02.841, 22.00, 38.00
15:51:06.071, 22.00, 38.00
15:51:09.298, 22.00, 38.00
15:51:12.573, 21.00, 37.00
15:51:15.760, 21.00, 37.00
15:51:19.032, 21.00, 37.00
15:51:22.254, 21.00, 37.00
15:51:25.485, 21.00, 37.00
15:51:28.712, 21.00, 37.00
15:51:31.941, 21.00, 37.00
15:51:35.166, 21.00, 37.00
15:51:38.389, 21.00, 37.00
15:51:41.619, 21.00, 37.00
15:51:44.852, 21.00, 37.00
15:51:48.083, 21.00, 37.00
15:51:51.312, 21.00, 37.00
15:51:54.543, 21.00, 37.00
15:51:57.761, 21.00, 37.00
15:52:00.982, 21.00, 37.00
15:52:04.250, 21.00, 38.00
15:52:07.438, 21.00, 37.00
15:52:10.668, 21.00, 37.00
15:52:13.939, 21.00, 37.00
15:52:17.166, 21.00, 37.00
15:52:20.387, 21.00, 37.00
15:52:23.613, 21.00, 37.00
15:52:26.838, 21.00, 37.00
15:52:30.062, 21.00, 37.00
15:52:33.319, 21.00, 37.00
15:52:36.547, 21.00, 37.00
15:52:39.765, 21.00, 37.00
15:52:42.990, 21.00, 37.00
15:52:46.215, 21.00, 37.00
15:52:49.436, 21.00, 37.00
15:52:52.658, 21.00, 38.00
15:52:55.928, 21.00, 37.00
15:52:59.153, 21.00, 37.00
15:53:02.380, 21.00, 37.00
15:53:05.602, 21.00, 37.00
15:53:08.829, 21.00, 37.00
15:53:12.049, 21.00, 38.00
15:53:15.270, 21.00, 37.00
15:53:18.535, 21.00, 38.00
15:53:21.751, 21.00, 37.00
15:53:24.985, 21.00, 38.00
15:53:28.209, 21.00, 37.00
15:53:31.433, 21.00, 38.00
15:53:34.653, 21.00, 37.00
15:53:37.883, 21.00, 38.00
15:53:41.110, 21.00, 38.00
15:53:44.334, 21.00, 38.00
15:53:47.566, 21.00, 37.00
15:53:50.792, 21.00, 38.00
15:53:54.066, 21.00, 38.00
15:53:57.293, 21.00, 38.00
15:54:00.511, 21.00, 38.00
15:54:03.733, 21.00, 38.00
15:54:06.961, 21.00, 38.00
15:54:10.186, 21.00, 38.00
15:54:13.411, 21.00, 38.00
15:54:16.638, 21.00, 38.00
15:54:19.905, 21.00, 38.00
15:54:23.092, 21.00, 38.00
15:54:26.361, 21.00, 38.00
15:54:29.584, 21.00, 38.00
15:54:32.813, 21.00, 38.00
15:54:36.040, 21.00, 38.00
15:54:39.264, 21.00, 38.00
15:54:42.484, 21.00, 38.00
15:54:45.707, 21.00, 38.00
15:54:48.940, 21.00, 38.00
15:54:52.173, 21.00, 38.00
15:54:55.404, 21.00, 38.00
15:54:58.630, 21.00, 38.00
15:55:01.858, 21.00, 38.00
15:55:05.125, 21.00, 38.00
15:55:08.350, 21.00, 38.00
15:55:11.584, 21.00, 38.00
15:55:14.811, 21.00, 38.00
15:55:18.032, 21.00, 38.00
15:55:21.257, 21.00, 38.00
15:55:24.472, 21.00, 38.00
15:55:27.697, 21.00, 38.00
15:55:30.966, 21.00, 38.00
15:55:34.186, 21.00, 38.00
15:55:37.412, 21.00, 38.00
15:55:40.636, 21.00, 38.00
15:55:43.868, 21.00, 38.00
15:55:47.089, 21.00, 38.00
15:55:50.318, 21.00, 38.00
15:55:53.545, 21.00, 38.00
15:55:56.770, 21.00, 38.00
15:55:59.997, 21.00, 38.00
15:56:03.228, 21.00, 38.00
15:56:06.450, 21.00, 38.00
15:56:09.720, 21.00, 38.00
15:56:12.942, 21.00, 37.00
15:56:16.168, 21.00, 38.00
15:56:19.395, 21.00, 38.00
15:56:22.626, 21.00, 38.00
15:56:25.851, 21.00, 38.00
15:56:29.080, 21.00, 38.00
15:56:32.306, 21.00, 38.00
15:56:35.527, 21.00, 38.00
15:56:38.752, 21.00, 38.00
15:56:42.013, 21.00, 38.00
15:56:45.243, 21.00, 38.00
15:56:48.479, 21.00, 38.00
15:56:51.708, 21.00, 38.00
15:56:54.938, 21.00, 38.00
15:56:58.164, 21.00, 38.00
15:57:01.386, 21.00, 38.00
15:57:04.611, 21.00, 38.00
15:57:07.839, 21.00, 38.00
15:57:11.063, 21.00, 38.00
15:57:14.287, 21.00, 38.00
15:57:17.514, 21.00, 38.00
15:57:20.780, 21.00, 38.00
15:57:23.998, 21.00, 38.00
15:57:27.221, 21.00, 38.00
15:57:30.451, 21.00, 38.00
15:57:33.677, 21.00, 38.00
15:57:36.897, 21.00, 38.00
15:57:40.160, 21.00, 38.00
15:57:43.377, 21.00, 38.00
15:57:46.608, 21.00, 38.00
15:57:49.835, 21.00, 38.00
15:57:53.068, 21.00, 38.00
15:57:56.294, 21.00, 38.00
15:57:59.519, 21.00, 38.00
15:58:02.738, 21.00, 38.00
15:58:05.958, 21.00, 38.00
15:58:09.185, 21.00, 38.00
15:58:12.460, 21.00, 38.00
15:58:15.685, 21.00, 38.00
15:58:18.906, 21.00, 38.00
15:58:22.132, 21.00, 38.00
15:58:25.357, 21.00, 38.00
15:58:28.582, 21.00, 38.00
15:58:31.811, 21.00, 38.00
15:58:35.039, 21.00, 38.00
15:58:38.277, 21.00, 38.00
15:58:41.513, 21.00, 38.00
15:58:44.739, 21.00, 38.00
15:58:47.964, 21.00, 38.00
15:58:51.193, 21.00, 38.00
15:58:54.415, 21.00, 38.00
15:58:57.664, 21.00, 38.00
15:59:00.879, 21.00, 38.00
15:59:04.101, 21.00, 38.00
15:59:07.332, 21.00, 38.00
15:59:10.564, 21.00, 38.00
15:59:13.783, 21.00, 38.00
15:59:17.011, 21.00, 38.00
15:59:20.286, 21.00, 38.00
15:59:23.514, 21.00, 38.00
15:59:26.738, 21.00, 38.00
15:59:29.972, 21.00, 38.00
15:59:33.197, 21.00, 38.00
15:59:36.425, 21.00, 38.00
15:59:39.651, 21.00, 38.00
15:59:42.875, 21.00, 38.00
15:59:46.105, 21.00, 38.00
15:59:49.333, 21.00, 38.00
15:59:52.555, 21.00, 38.00
15:59:55.781, 21.00, 38.00
15:59:59.043, 21.00, 38.00
16:00:02.263, 21.00, 38.00
16:00:05.489, 21.00, 38.00
16:00:08.716, 21.00, 38.00
16:00:11.938, 21.00, 38.00
16:00:15.165, 21.00, 38.00
16:00:18.387, 21.00, 38.00
16:00:21.652, 21.00, 38.00
16:00:24.882, 21.00, 38.00
16:00:28.105, 21.00, 38.00
16:00:31.337, 21.00, 38.00
16:00:34.569, 21.00, 38.00
16:00:37.798, 21.00, 38.00
16:00:41.019, 21.00, 38.00
16:00:44.250, 21.00, 38.00
16:00:47.463, 21.00, 38.00
16:00:50.690, 21.00, 38.00
16:00:53.919, 21.00, 38.00
16:00:57.142, 21.00, 38.00
16:01:00.369, 21.00, 38.00
16:01:03.643, 21.00, 38.00
16:01:06.873, 21.00, 38.00
16:01:10.079, 21.00, 38.00
16:01:13.301, 21.00, 38.00
16:01:16.526, 21.00, 38.00
16:01:19.750, 21.00, 38.00
16:01:23.023, 21.00, 38.00
16:01:26.245, 21.00, 37.00
16:01:29.473, 21.00, 37.00
16:01:32.698, 21.00, 38.00
16:01:35.927, 21.00, 38.00
16:01:39.157, 21.00, 37.00
16:01:42.379, 21.00, 37.00
16:01:45.604, 21.00, 37.00
16:01:48.838, 21.00, 37.00
16:01:52.070, 21.00, 37.00
16:01:55.290, 21.00, 38.00
16:01:58.517, 21.00, 37.00
16:02:01.786, 21.00, 38.00
16:02:05.006, 21.00, 37.00
16:02:08.232, 21.00, 38.00
16:02:11.458, 21.00, 37.00
16:02:14.688, 21.00, 38.00
16:02:17.911, 21.00, 37.00
16:02:21.136, 21.00, 38.00
16:02:24.359, 21.00, 38.00
16:02:27.589, 21.00, 37.00
16:02:30.824, 21.00, 38.00
16:02:34.042, 21.00, 37.00
16:02:37.314, 21.00, 38.00
16:02:40.531, 21.00, 37.00
16:02:43.760, 21.00, 38.00
16:02:46.987, 21.00, 37.00
16:02:50.213, 21.00, 37.00
16:02:53.439, 21.00, 38.00
16:02:56.664, 21.00, 37.00
16:02:59.889, 21.00, 38.00
16:03:03.116, 21.00, 38.00
16:03:06.350, 21.00, 38.00
16:03:09.580, 21.00, 37.00
16:03:12.804, 21.00, 38.00
16:03:16.033, 21.00, 37.00
16:03:19.260, 21.00, 38.00
16:03:22.527, 21.00, 38.00
16:03:25.749, 21.00, 37.00
16:03:28.978, 21.00, 38.00
16:03:32.209, 21.00, 38.00
16:03:35.439, 21.00, 37.00
16:03:38.664, 21.00, 38.00
16:03:41.889, 21.00, 37.00
16:03:45.116, 21.00, 38.00
16:03:48.336, 21.00, 38.00
16:03:51.561, 21.00, 38.00
16:03:54.791, 21.00, 38.00
16:03:58.019, 21.00, 38.00
16:04:01.250, 21.00, 38.00
16:04:04.476, 21.00, 37.00
16:04:07.746, 21.00, 38.00
16:04:10.972, 21.00, 37.00
16:04:14.198, 21.00, 38.00
16:04:17.423, 21.00, 37.00
16:04:20.649, 21.00, 38.00
16:04:23.877, 21.00, 38.00
16:04:27.106, 21.00, 38.00
16:04:30.336, 21.00, 37.00
16:04:33.568, 21.00, 38.00
16:04:36.793, 21.00, 38.00
16:04:40.023, 21.00, 37.00
16:04:43.245, 21.00, 38.00
16:04:46.475, 21.00, 38.00
16:04:49.703, 21.00, 38.00
16:04:52.928, 21.00, 38.00
16:04:56.151, 21.00, 38.00
16:04:59.422, 21.00, 38.00
16:05:02.648, 21.00, 38.00
16:05:05.875, 21.00, 38.00
16:05:09.107, 21.00, 38.00
16:05:12.330, 21.00, 38.00
16:05:15.561, 21.00, 38.00
16:05:18.787, 21.00, 38.00
16:05:22.020, 21.00, 38.00
16:05:25.250, 21.00, 38.00
16:05:28.468, 21.00, 38.00
16:05:31.697, 21.00, 38.00
16:05:34.925, 21.00, 38.00
16:05:38.147, 21.00, 38.00
16:05:41.412, 21.00, 38.00
16:05:44.635, 21.00, 38.00
16:05:47.850, 21.00, 38.00
16:05:51.086, 21.00, 38.00
16:05:54.313, 21.00, 38.00
16:05:57.542, 21.00, 38.00
16:06:00.759, 21.00, 38.00
16:06:03.986, 21.00, 38.00
16:06:07.210, 21.00, 38.00
16:06:10.474, 21.00, 38.00
16:06:13.701, 21.00, 38.00
16:06:16.924, 21.00, 38.00
16:06:20.149, 21.00, 38.00
16:06:23.377, 21.00, 38.00
16:06:26.604, 21.00, 38.00
16:06:29.834, 21.00, 38.00
16:06:33.059, 21.00, 37.00
16:06:36.282, 21.00, 38.00
16:06:39.551, 21.00, 38.00
16:06:42.770, 21.00, 38.00
16:06:45.999, 21.00, 37.00
16:06:49.225, 21.00, 38.00
16:06:52.441, 21.00, 37.00
16:06:55.668, 21.00, 38.00
16:06:58.900, 21.00, 37.00
16:07:02.122, 21.00, 38.00
16:07:05.393, 21.00, 37.00
16:07:08.618, 21.00, 38.00
16:07:11.846, 21.00, 37.00
16:07:15.073, 21.00, 38.00
16:07:18.300, 21.00, 37.00
16:07:21.518, 21.00, 37.00
16:07:24.748, 21.00, 38.00
16:07:27.978, 21.00, 37.00
16:07:31.210, 21.00, 38.00
16:07:34.437, 21.00, 37.00
16:07:37.664, 21.00, 38.00
16:07:40.887, 21.00, 37.00
16:07:44.115, 21.00, 38.00
16:07:47.341, 21.00, 37.00
16:07:50.607, 21.00, 38.00
16:07:53.834, 21.00, 38.00
16:07:57.049, 21.00, 38.00
16:08:00.283, 21.00, 38.00
16:08:03.505, 21.00, 38.00
16:08:06.730, 21.00, 38.00
16:08:09.956, 21.00, 38.00
16:08:13.225, 21.00, 38.00
16:08:16.446, 21.00, 38.00
16:08:19.670, 21.00, 38.00
16:08:22.900, 21.00, 38.00
16:08:26.131, 21.00, 38.00
16:08:29.357, 21.00, 38.00
16:08:32.584, 21.00, 38.00
16:08:35.816, 21.00, 38.00
16:08:39.058, 21.00, 38.00
16:08:42.272, 21.00, 38.00
16:08:45.491, 21.00, 38.00
16:08:48.715, 21.00, 38.00
16:08:51.942, 21.00, 38.00
16:08:55.165, 21.00, 38.00
16:08:58.427, 21.00, 37.00
16:09:01.646, 21.00, 38.00
16:09:04.871, 21.00, 38.00
16:09:08.100, 21.00, 38.00
16:09:11.327, 21.00, 38.00
16:09:14.547, 21.00, 38.00
16:09:17.821, 21.00, 38.00
16:09:21.043, 21.00, 38.00
16:09:24.267, 21.00, 38.00
16:09:27.497, 21.00, 38.00
16:09:30.727, 21.00, 38.00
16:09:33.949, 21.00, 37.00
16:09:37.176, 21.00, 37.00
16:09:40.405, 21.00, 38.00
16:09:43.631, 21.00, 38.00
16:09:46.865, 21.00, 38.00
16:09:50.088, 21.00, 38.00
16:09:53.311, 21.00, 38.00
16:09:56.577, 21.00, 38.00
16:09:59.803, 21.00, 38.00
16:10:03.024, 21.00, 38.00
16:10:06.250, 21.00, 37.00
16:10:09.476, 21.00, 38.00
16:10:12.703, 21.00, 38.00
16:10:15.929, 21.00, 38.00
16:10:19.152, 21.00, 38.00
16:10:22.379, 21.00, 37.00
16:10:25.640, 21.00, 37.00
16:10:28.870, 21.00, 38.00
16:10:32.087, 21.00, 38.00
16:10:35.318, 21.00, 37.00
16:10:38.538, 21.00, 37.00
16:10:41.760, 21.00, 38.00
16:10:45.030, 21.00, 38.00
16:10:48.259, 21.00, 37.00
16:10:51.485, 21.00, 37.00
16:10:54.715, 21.00, 37.00
16:10:57.936, 21.00, 37.00
16:11:01.150, 21.00, 37.00
16:11:04.377, 21.00, 37.00
16:11:07.608, 21.00, 37.00
16:11:10.837, 21.00, 37.00
16:11:14.065, 21.00, 37.00
16:11:17.298, 21.00, 37.00
16:11:20.523, 21.00, 37.00
16:11:23.751, 21.00, 37.00
16:11:26.979, 21.00, 37.00
16:11:30.250, 21.00, 37.00
16:11:33.437, 21.00, 37.00
16:11:36.712, 21.00, 38.00
16:11:39.938, 21.00, 38.00
16:11:43.126, 21.00, 38.00
16:11:46.360, 21.00, 38.00
16:11:49.624, 21.00, 38.00
16:11:52.847, 21.00, 38.00
16:11:56.071, 21.00, 38.00
16:11:59.302, 21.00, 38.00
16:12:02.521, 21.00, 37.00
16:12:05.753, 21.00, 38.00
16:12:08.978, 21.00, 38.00
16:12:12.212, 21.00, 37.00
16:12:15.439, 21.00, 38.00
16:12:18.670, 21.00, 38.00
16:12:21.894, 21.00, 38.00
16:12:25.117, 21.00, 38.00
16:12:28.387, 21.00, 38.00
16:12:31.615, 21.00, 38.00
16:12:34.844, 21.00, 38.00
16:12:38.072, 21.00, 38.00
16:12:41.296, 21.00, 38.00
16:12:44.515, 21.00, 38.00
16:12:47.742, 21.00, 38.00
16:12:50.970, 21.00, 38.00
16:12:54.196, 21.00, 38.00
16:12:57.419, 21.00, 38.00
16:13:00.693, 21.00, 38.00
16:13:03.919, 21.00, 38.00
16:13:07.145, 21.00, 38.00
16:13:10.371, 21.00, 38.00
16:13:13.593, 21.00, 38.00
16:13:16.814, 21.00, 38.00
16:13:20.030, 21.00, 38.00
16:13:23.304, 21.00, 38.00
16:13:26.530, 21.00, 38.00
16:13:29.760, 21.00, 38.00
16:13:32.984, 21.00, 38.00
16:13:36.216, 21.00, 38.00
16:13:39.413, 21.00, 38.00
16:13:42.679, 21.00, 38.00
16:13:45.901, 21.00, 38.00
16:13:49.123, 21.00, 38.00
16:13:52.347, 21.00, 38.00
16:13:55.576, 21.00, 38.00
16:13:58.800, 21.00, 38.00
16:14:02.023, 21.00, 38.00
16:14:05.251, 21.00, 38.00
16:14:08.480, 21.00, 38.00
16:14:11.710, 21.00, 38.00
16:14:14.979, 21.00, 38.00
16:14:18.202, 21.00, 38.00
16:14:21.413, 21.00, 38.00
16:14:24.631, 21.00, 38.00
16:14:27.886, 21.00, 38.00
16:14:31.091, 21.00, 38.00
16:14:34.352, 21.00, 39.00
16:14:37.577, 21.00, 39.00
16:14:40.789, 21.00, 38.00
